{
  "name": "Keychron Q10",
  "vendorId": "0x3434",
  "productId": "0x01A1",
  "lighting": {
    "extends": "qmk_rgblight",
    "underglowEffects": [
      ["00. None", 0],
      ["01. SOLID_COLOR", 1],
      ["02. BREATHING", 1],
      ["03. CYCLE_ALL", 1],
      ["04. CYCLE_LEFT_RIGHT", 1],
      ["05. CYCLE_UP_DOWN", 1],
      ["06. RAINBOW_MOVING_CHEVRON", 1],
      ["07. CYCLE_OUT_IN", 1],
      ["08. CYCLE_OUT_IN_DUAL", 1],
      ["09. CYCLE_PINWHEEL", 1],
      ["10. CYCKE_SPIRAL", 1],
      ["11. DUAL_BEACON", 1],
      ["12. RAINBOW_BEACON", 1],
      ["13. RAINDROPS", 1]
    ]
  },
  "matrix": {"rows": 6, "cols": 16},
  "customKeycodes": [
    {"name": "Mission Control", "title": "Mission Control in macOS", "shortName": "Mission Control"},
    {"name": "Launch Pad",      "title": "Launch Pad in macOS",      "shortName": "Launch Pad"},
    {"name": "Left Option",     "title": "Left Option in macOS",     "shortName": "Left Option"},
    {"name": "Right Option",    "title": "Right Option in macOS",    "shortName": "Right Option"},
    {"name": "Left Cmd",        "title": "Left Command in macOS",    "shortName": "Left Command"},
    {"name": "Right Cmd",       "title": "Right Command in macOS",   "shortName": "Right Command"},
    {"name": "Task View",       "title": "Task View in windows",     "shortName": "Task View"},
    {"name": "File Explorer",   "title": "File Explorer in windows", "shortName": "File Explorer"},
    {"name": "Screen Shot",     "title": "Screenshot in macOS",      "shortName": "Screen Shot"}
  ],
  "layouts": {
    "keymap": [
      [
        {
          "x": 0.5
        },
        "0,0\ne0",
        {
          "x": 0.5,
          "c": "#777777"
        },
        "0,1\nESC",
        {
          "x": 0.25,
          "c": "#cccccc"
        },
        "0,2",
        "0,3",
        {
          "y": -0.5,
          "x": 0.15,
          "r": 6
        },
        "0,4",
        "0,5",
        {
          "x": 0.25
        },
        "0,6",
        "0,7",
        {
          "y": 2,
          "x": 0.4,
          "r": -6
        },
        "0,8",
        "0,9",
        {
          "x": 0.25
        },        
        "0,10",
        "0,11",
        {
          "x": 0.25,
          "r": 0,
          "y": -1.4
        },
        "0,12",
        "0,13",
        {
          "x": 0.25,
          "c": "#aaaaaa"
        },
        "0,14",
        {
          "x": 0.25
        },
        "0,15"
      ],
      [
        {
          "c": "#cccccc",
          "x": 0.75,  
          "y": 0.25
        },
        "1,0",
        {
          "c": "#aaaaaa",
          "x": 0.5
        },
        "1,1",
        "1,2",
        "1,3",
        {
          "c": "#cccccc",
          "y": -0.5,
          "x": 0.3,
          "r": 6
        },
        "1,4",
        "1,5",
        "1,6",
        "1,7",
        {
          "y": 2,
          "r": -6,
          "x": -0.1
        },
        "1,8",
        "1,9",
        "1,10",
        "1,11",
        {
          "y": -1.4,
          "x": 0.4,
          "r": 0
        },
        "1,12",
        "1,13",
        {
          "w": 2
        },
        "1,14",
        {
          "x": 0.6,
          "c": "#aaaaaa"
        },
        "1,15"
      ],
      [
        {
          "x": 0.5,
          "y": -0.1,
          "c": "#cccccc"
        },
        "2,0",
        {
          "x": 0.5,
          "c": "#aaaaaa",
          "w": 1.5
        },
        "2,1",
        {
          "y": 0
        },
        "2,2",
        {
          "y": -0.5,
          "x": 0.4,
          "r": 6
        },
        "2,3",
        "2,4",
        "2,5",
        "2,6",
        {
          "y": 2,
          "r": -6
        },
        "2,7",
        "2,8",
        "2,9",
        "2,10",
        "2,11",
        {
          "y": -1.4,
          "x": 0.5,
          "r": 0
        },
        "2,12",
        "2,13",
        {
          "c": "#aaaaaa",
          "w": 1.75
        },
        "2,14",
        {
          "x": 0.5
        },
        "2,15"
      ],
      [
        {
          "c": "#cccccc",
          "x": 0.25,
          "y": -0.1
        },
        "3,0",
        {
          "w": 1.75,
          "x": 0.5,
          "c": "#aaaaaa"
        },
        "3,1",
        {
          "c": "#cccccc"
        },
        "3,2",
        {
          "y": -0.5,
          "x": 0.5,
          "r": 6
        },
        "3,3",
        "3,4",
        "3,5",
        "3,6",
        {
          "y": 2,
          "x": 0.4,
          "r": -6
        },
        "3,8",
        "3,9",
        "3,10",
        "3,11",
        {
          "y": -1.4,
          "x": 0.6,
          "r": 0
        },
        "3,12",
        "3,13",
        {
          "c": "#777777",
          "w": 2.25
        },
        "3,14",
        {
          "x": 0.5,
          "c": "#aaaaaa"
        },
        "3,15"
      ],
      [
        {
          "c": "#cccccc",
          "y": -0.1
        },
        "4,0",
        {
          "w": 2.25,
          "x": 0.5,
          "c": "#aaaaaa"
        },
        "4,1",
        {
          "c": "#cccccc"
        },
        "4,3",
        {
          "y": -0.5,
          "x": 0.6,
          "r": 6
        },
        "4,4",
        "4,5",
        "4,6",
        "4,7",
        {
          "y": 2,
          "x": -0.5,
          "r": -6
        },
        "4,8",
        "4,9",
        "4,10",
        "4,11",
        "4,12",
        {
          "y": -1.4,
          "x": 0.75,
          "r": 0
        },
        "4,13",
        {
          "c": "#aaaaaa",
          "w": 1.75
        },
        "4,14",
        {
          "x": 0.25,
          "y": 0.25
        },
        "4,15"
      ],
      [
        {
          "y": -0.35,
          "c": "#cccccc"
        },
        "5,0",
        {
          "c": "#aaaaaa",
          "w": 1.25,
          "x": 0.5
        },
        "5,1",
        {
          "w": 1.25
        },
        "5,2",
        {
          "x": 1.35,
          "y": -0.5,
          "r": 6,
          "w": 1.25
        },
        "5,3",
        {
          "c": "#cccccc",
          "w": 2.25
        },
        "5,4",
        {
          "c": "#aaaaaa"
        },
        "5,7",
        {
          "c": "#cccccc",
          "r": -6,
          "w": 2.55,
          "x": -1,
          "y": 2
        },
        "5,8",
        {
          "c": "#aaaaaa"
        },
        "5,9",
        {
          "c": "#777777",
          "x": 4.2,
          "y": -1.15,
          "r": 0
        },
        "5,13",
        "5,14",
        "5,15"
      ]
    ]
  }
}
