
{
  "name": "cl80",
 
  "vendorId": "0x5449",
 
  "productId": "0x911C",
 
  "lighting": "qmk_rgblight",
 
  "matrix": { "rows": 7, "cols": 13 },
 
  "layouts": {
 
    "keymap": [
        [
          "0,0",
          {
            "x": 1
          },
          "0,2",
          "0,3",
          "0,4",
          "0,5",
          {
            "x": 0.5
          },
          "0,6",
          "0,7",
          "0,8",
          "0,9",
          {
            "x": 0.5
          },
          "0,10",
          "0,11",
          "0,12",
          "6,0",
          {
            "x": 0.25
          },
          "6,6",
          "6,7",
          "6,8"
        ],
        [
          {
            "y": 0.25
          },
          "1,0",
          "1,1",
          "1,2",
          "1,3",
          "1,4",
          "1,5",
          "1,6",
          "1,7",
          "1,8",
          "1,9",
          "1,10",
          "1,11",
          "1,12",
          {
            "w": 2
          },
          "6,1",
          {
            "x": 0.25
          },
          "6,10",
          "6,9",
          "6,11"
        ],
        [
          {
            "w": 1.5
          },
          "2,0",
          "2,1",
          "2,2",
          "2,3",
          "2,4",
          "2,5",
          "2,6",
          "2,7",
          "2,8",
          "2,9",
          "2,10",
          "2,11",
          "2,12",
          {
            "w": 1.5
          },
          "6,2",
          {
            "x": 0.25
          },
          "6,4",
          "6,5",
          "5,11"
        ],
        [
          {
            "w": 1.75
          },
          "3,0",
          "3,1",
          "3,2",
          "3,3",
          "3,4",
          "3,5",
          "3,6",
          "3,7",
          "3,8",
          "3,9",
          "3,10",
          "3,11",
          {
            "w": 2.25
          },
          "6,3"
        ],
        [
          {
            "w": 2.25
          },
          "4,0",
          "4,2",
          "4,3",
          "4,4",
          "4,5",
          "4,6",
          "4,7",
          "4,8",
          "4,9",
          "4,10",
          "4,11",
          {
            "w": 2.75
          },
          "4,12",
          {
            "x": 1.25
          },
          "5,10"
        ],
        [
          {
            "w": 1.5
          },
          "5,0",
          "5,1",
          {
            "w": 1.5
          },
          "5,2",
          {
            "w": 7
          },
          "5,3",
          {
            "w": 1.5
          },
          "5,4",
          "5,5",
          {
            "w": 1.5
          },
          "5,6",
          {
            "x": 0.25
          },
          "5,9",
          "5,8",
          "5,7"
        ]
      ]
}
} 