{
  "name": "Keychron K10 Pro",
  "vendorId": "0x3434",
  "productId": "0x02A4",
  "keycodes": ["qmk_lighting"],
  "customKeycodes": [
    {
      "name": "Left Option",
      "title": "Left Option in macOS",
      "shortName": "LOpt"
    },
    {
      "name": "Right Option",
      "title": "Right Option in macOS",
      "shortName": "ROpt"
    },
    {
      "name": "Left Cmd",
      "title": "Left Command in macOS",
      "shortName": "LCmd"
    },
    {
      "name": "Right Cmd",
      "title": "Right Command in macOS",
      "shortName": "RCmd"
    },
    {
      "name": "Mission Control",
      "title": "Mission Control in macOS",
      "shortName": "MCtrl"
    },
    {
      "name": "Launch Pad",
      "title": "Launch Pad in macOS",
      "shortName": "LPad"
    },
    {
      "name": "Task View",
      "title": "Task View in windows",
      "shortName": "Task"
    },
    {
      "name": "File Explorer",
      "title": "File Explorer in windows",
      "shortName": "File"
    },
    {
      "name": "Screen Shot",
      "title": "Screenshot in macOS",
      "shortName": "SShot"
    },
    {
      "name": "Cortana",
      "title": "Cortana in windows",
      "shortName": "Cortana"
    },
    {
      "name": "Siri",
      "title": "Siri in macOS",
      "shortName": "Siri"
    },
    {
      "name": "Bluetooth Host 1",
      "title": "Bluetooth Host 1",
      "shortName": "BTH1"
    },
    {
      "name": "Bluetooth Host 2",
      "title": "Bluetooth Host 2",
      "shortName": "BTH2"
    },
    {
      "name": "Bluetooth Host 3",
      "title": "Bluetooth Host 3",
      "shortName": "BTH3"
    },
    {
      "name": "Battery Level",
      "title": "Show battery level",
      "shortName": "Batt"
    }
  ],
  "matrix": {"rows": 6, "cols": 21},
  "layouts": {
    "keymap": [
      [
        {
          "c": "#777777"
        },
        "0,0",
        {
          "x": 1,
          "c": "#cccccc"
        },
        "0,1",
        "0,2",
        "0,3",
        "0,4",
        {
          "x": 0.5,
          "c": "#aaaaaa"
        },
        "0,5",
        "0,6",
        "0,7",
        "0,8",
        {
          "x": 0.5,
          "c": "#cccccc"
        },
        "0,9",
        "0,10",
        "0,11",
        "0,12",
        {
          "x": 0.25,
          "c": "#aaaaaa"
        },
        "0,14",
        "0,15",
        "0,16",
        {
          "x": 0.25,
          "c": "#cccccc"
        },
        "0,17",
        "0,18",
        "0,19",
        "0,20"
      ],
      [
        {
          "y": 0.25,
          "c": "#aaaaaa"
        },
        "1,0",
        {
          "c": "#cccccc"
        },
        "1,1",
        "1,2",
        "1,3",
        "1,4",
        "1,5",
        "1,6",
        "1,7",
        "1,8",
        "1,9",
        "1,10",
        "1,11",
        "1,12",
        {
          "c": "#aaaaaa",
          "w": 2
        },
        "1,13",
        {
          "x": 0.25
        },
        "1,14",
        "1,15",
        "1,16",
        {
          "x": 0.25,
          "c": "#cccccc"
        },
        "1,17",
        "1,18",
        "1,19",
        "1,20"
      ],
      [
        {
          "c": "#aaaaaa",
          "w": 1.5
        },
        "2,0",
        {
          "c": "#cccccc"
        },
        "2,1",
        "2,2",
        "2,3",
        "2,4",
        "2,5",
        "2,6",
        "2,7",
        "2,8",
        "2,9",
        "2,10",
        "2,11",
        "2,12",
        {
          "x": 0.25,
          "c": "#777777",
          "w": 1.25,
          "h": 2,
          "w2": 1.5,
          "h2": 1,
          "x2": -0.25
        },
        "2,13",
        {
          "x": 0.25,
          "c": "#aaaaaa"
        },
        "2,14",
        "2,15",
        "2,16",
        {
          "x": 0.25,
          "c": "#cccccc"
        },
        "2,17",
        "2,18",
        "2,19",
        {
          "h": 2
        },
        "2,20"
      ],
      [
        {
          "c": "#aaaaaa",
          "w": 1.75
        },
        "3,0",
        {
          "c": "#cccccc"
        },
        "3,1",
        "3,2",
        "3,3",
        "3,4",
        "3,5",
        "3,6",
        "3,7",
        "3,8",
        "3,9",
        "3,10",
        "3,11",
        {
          "c": "#aaaaaa"
        },
        "3,13",
        {
          "x": 4.75,
          "c": "#cccccc"
        },
        "3,17",
        "3,18",
        "3,19"
      ],
      [
        {
          "c": "#aaaaaa",
          "w": 1.25
        },
        "4,0",
        "4,1",
        {
          "c": "#cccccc"
        },
        "4,2",
        "4,3",
        "4,4",
        "4,5",
        "4,6",
        "4,7",
        "4,8",
        "4,9",
        "4,10",
        "4,11",
        {
          "c": "#aaaaaa",
          "w": 2.75
        },
        "4,13",
        {
          "x": 1.25,
          "c": "#777777"
        },
        "4,15",
        {
          "x": 1.25,
          "c": "#cccccc"
        },
        "4,17",
        "4,18",
        "4,19",
        {
          "h": 2
        },
        "4,20"
      ],
      [
        {
          "c": "#aaaaaa",
          "w": 1.25
        },
        "5,0",
        {
          "w": 1.25
        },
        "5,1",
        {
          "w": 1.25
        },
        "5,2",
        {
          "c": "#cccccc",
          "w": 6.25
        },
        "5,6",
        {
          "c": "#aaaaaa",
          "w": 1.25
        },
        "5,10",
        {
          "w": 1.25
        },
        "5,11",
        {
          "w": 1.25
        },
        "5,12",
        {
          "w": 1.25
        },
        "5,13",
        {
          "x": 0.25,
          "c": "#777777"
        },
        "5,14",
        "5,15",
        "5,16",
        {
          "x": 0.25,
          "c": "#cccccc",
          "w": 2
        },
        "5,17",
        "5,19"
      ]
    ]
  }
}
