{
  "name": "Keychron K11 Pro ANSI White Knob",
  "vendorId": "0x3434",
  "productId": "0x02B9",
  "keycodes": ["qmk_lighting"],
  "customKeycodes": [
    {"name": "Left Option", "title": "Left Option", "shortName": "LOpt"},
    {"name": "Right Option", "title": "Right Option", "shortName": "ROpt"},
    {"name": "Left Cmd", "title": "Left Command", "shortName": "LCmd"},
    {"name": "Right Cmd", "title": "Right Command", "shortName": "RCmd"},
    {"name": "Task View", "title": "Task View in Windows", "shortName": "Task"},
    {"name": "File Explorer", "title": "File Explorer in Windows", "shortName": "File"},
    {"name": "Screen shot", "title": "Screenshot in macOS", "shortName": "SShot"},
    {"name": "Cortana", "title": "Cortana in Windows", "shortName": "Cortana"},
    {"name": "Siri", "title": "Siri in macOS", "shortName": "Siri"},
    {"name": "Bluetooth Host 1", "title": "Bluetooth Host 1", "shortName": "BTH1"},
    {"name": "Bluetooth Host 2", "title": "Bluetooth Host 2", "shortName": "BTH2"},
    {"name": "Bluetooth Host 3", "title": "Bluetooth Host 3", "shortName": "BTH3"},
    {"name": "Battery Level", "title": "Show battery level", "shortName": "Batt"}
  ],
  "matrix": {"rows": 5, "cols": 16},
  "layouts": {
    "keymap": [
      [
        {
          "x": 2.75
        },
        "0,2",
        {
          "x": 8.85
        },
        "0,11"
      ],
      [
        {
          "y": -0.85,
          "x": 0.75,
          "c": "#777777"
        },
        "0,0\nESC",
        {
          "c": "#cccccc"
        },
        "0,1"
      ],
      [
        {
          "y": -0.85,
          "x": 14.6,
          "c": "#aaaaaa",
          "w": 2
        },
        "0,13",
        {
          "x": 0.5
        },
        "0,15\n\n\n\n\n\n\n\n\ne0"
      ],
      [
        {
          "y": -1,
          "x": 13.6,
          "c": "#cccccc"
        },
        "0,12"
      ],
      [
        {
          "y": -0.15,
          "x": 0.5,
          "c": "#aaaaaa",
          "w": 1.5
        },
        "1,0",
        {
          "c": "#cccccc"
        },
        "1,1"
      ],
      [
        {
          "y": -0.85,
          "x": 13.3
        },
        "1,11",
        "1,12",
        {
          "c": "#aaaaaa",
          "w": 1.5
        },
        "1,13",
        {
          "x": 0.5
        },
        "1,15"
      ],
      [
        {
          "y": -0.15,
          "x": 0.25,
          "w": 1.75
        },
        "2,0",
        {
          "c": "#cccccc"
        },
        "2,1"
      ],
      [
        {
          "y": -0.85,
          "x": 12.75
        },
        "2,10",
        "2,11",
        {
          "c": "#777777",
          "w": 2.25
        },
        "2,13",
        {
          "x": 0.5,
          "c": "#aaaaaa"
        },
        "2,15"
      ],
      [
        {
          "y": -0.15,
          "w": 2.25
        },
        "3,0",
        {
          "c": "#cccccc"
        },
        "3,2"
      ],
      [
        {
          "y": -0.85,
          "x": 13.4
        },
        "3,13",
        {
          "c": "#aaaaaa",
          "w": 1.75
        },
        "3,14"
      ],
      [
        {
          "y": -0.75,
          "x": 16.4,
          "c": "#777777"
        },
        "3,15"
      ],
      [
        {
          "y": -0.4,
          "c": "#aaaaaa",
          "w": 1.25
        },
        "4,0",
        {
          "w": 1.25
        },
        "4,1"
      ],
      [
        {
          "y": -0.6,
          "x": 15.4,
          "c": "#777777"
        },
        "4,13",
        "4,14",
        "4,15"
      ],
      [
        {
          "r": 6,
          "y": -5.7,
          "x": 3.85,
          "c": "#cccccc"
        },
        "0,3",
        "0,4",
        "0,5",
        "0,6"
      ],
      [
        {
          "x": 3.35
        },
        "1,2",
        "1,3",
        "1,4",
        "1,5"
      ],
      [
        {
          "x": 3.55
        },
        "2,2",
        "2,3",
        "2,4",
        "2,5"
      ],
      [
        {
          "x": 3.9
        },
        "3,3",
        "3,4",
        "3,5",
        "3,6"
      ],
      [
        {
          "x": 3.9,
          "c": "#aaaaaa",
          "w": 1.25
        },
        "4,2",
        {
          "c": "#cccccc",
          "w": 2.25
        },
        "4,3",
        {
          "c": "#aaaaaa"
        },
        "4,6"
      ],
      [
        {
          "r": -6,
          "y": -3.2,
          "x": 8.35,
          "c": "#cccccc"
        },
        "0,7",
        "0,8",
        "0,9",
        "0,10"
      ],
      [
        {
          "x": 7.9
        },
        "1,6",
        "1,7",
        "1,8",
        "1,9",
        "1,10"
      ],
      [
        {
          "x": 8.25
        },
        "2,6",
        "2,7",
        "2,8",
        "2,9"
      ],
      [
        {
          "x": 7.8
        },
        "3,7",
        "3,8",
        "3,9",
        "3,10",
        "3,11"
      ],
      [
        {
          "x": 7.8,
          "c": "#aaaaaa"
        },
        "4,10",
        {
          "c": "#cccccc",
          "w": 2.75
        },
        "4,11",
        {
          "c": "#aaaaaa"
        },
        "4,12"
      ]
    ]
  }
}
