{
  "name": "Keychron Q8",
  "vendorId": "0x3434",
  "productId": "0x0181",
  "lighting": {
    "extends": "qmk_rgblight",
    "underglowEffects": [
      ["None", 0],
      ["SOLID_COLOR", 1],
      ["BREATHING", 1],
      ["CYCLE_ALL", 1],
      ["CYCLE_LEFT_RIGHT", 1],
      ["CYCLE_UP_DOWN", 1],
      ["RAINBOW_MOVING_CHEVRON", 1],
      ["CYCLE_OUT_IN", 1],
      ["CYCLE_OUT_IN_DUAL", 1],
      ["CYCLE_PINWHEEL", 1],
      ["CYCKE_SPIRAL", 1],
      ["DUAL_BEACON", 1],
      ["RAINBOW_BEACON", 1],
      ["RAINDROPS", 1]
    ]
  },
  "matrix": {"rows": 5, "cols": 15},
  "customKeycodes": [
    {"name": "Mission Control", "title": "Mission Control in macOS", "shortName": "Mission Control"},
    {"name": "Launch Pad", "title": "Launch Pad in macOS", "shortName": "Launch Pad"},
    {"name": "Left Option", "title": "Left Option in macOS", "shortName": "Left Option"},
    {"name": "Right Option", "title": "Right Option in macOS", "shortName": "Right Option"},
    {"name": "Left Cmd", "title": "Left Command in macOS", "shortName": "Left Command"},
    {"name": "Right Cmd", "title": "Right Command in macOS", "shortName": "Right Command"},
    {"name": "Task View", "title": "Task View in windows", "shortName": "Task View"},
    {"name": "File Explorer", "title": "File Explorer in windows", "shortName": "File Explorer"}
  ],
  "layouts": {
    "keymap":[
      [
        {
          "c": "#777777"
        },
        "0,0\nESC",
        {
          "c": "#cccccc"
        },
        "0,1",
        {
          "y": -0.15
        },
        "0,2",
        {
          "y": -0.5,
          "x": 0.15,
          "r": 12
        },
        "0,3",
        {
          "r": 12
        },
        "0,4",
        "0,5",
        "0,6",
        {
          "y": 3,
          "r": -12
        },
        "0,7",
        "0,8",
        "0,9",
        "0,10",
        {
          "x": 0.45,
          "y": -2.5,
          "r": 0
        },
        "0,11",
        {
          "y": 0.15
        },
        "0,12",
        {
          "c": "#aaaaaa",
          "w": 2
        },
        "0,13",
        {
          "x": 0.5,
          "y": -0.1,
          "w": 0.75
        },
        "0,14",
        {
          "h": 0.5
        },
        "4,4",
        {
          "x": -1,
          "y": 0.5,
          "h": 0.5
        },
        "4,5"
      ],
      [
        {
          "x": -0.25,
          "y": -0.4,
          "w": 1.5
        },
        "1,0",
        {
          "c": "#cccccc"
        },
        "1,1",
        {
          "y": -0.65,
          "x": 0.4,
          "r": 12
        },
        "1,2",
        "1,3",
        "1,4",
        "1,5",
        {
          "y": 3,
          "x": 0,
          "r": -12
        },
        "1,6",
        "1,7",
        "1,8",
        "1,9",
        "1,10",
        {
          "y": -2.35,
          "x": 0.65,
          "r": 0
        },
        "1,11",
        "1,12",
        {
          "w": 1.5
        },
        "1,13",
        {
          "y": 0.1,
          "x": 0.5,
          "c": "#aaaaaa"
        },
        "1,14"
      ],
      [
        {
          "x": -0.5,
          "y": -0.1,
          "w": 1.75
        },
        "2,0",
        {
          "c": "#cccccc"
        },
        "2,1",
        {
          "y": -0.65,
          "x": 0.55,
          "r": 12
        },
        "2,2",
        "2,3",
        "2,4",
        "2,5",
        {
          "y": 3,
          "x": 0.15,
          "r": -12
        },
        "2,7",
        "2,8",
        "2,9",
        "2,10",
        {
          "y": -2.35,
          "x": 0.85,
          "r": 0
        },
        "2,11",
        "2,12",
        {
          "c": "#777777",
          "w": 2.25
        },
        "2,13",
        {
          "y": 0.1,
          "x": 0.5,
          "c": "#aaaaaa"
        },
        "2,14"
      ],
      [
        {
          "x": -0.75,
          "y": -0.1,
          "w": 2.25
        },
        "3,0",
        {
          "c": "#cccccc"
        },
        "3,2",
        {
          "y": -0.65,
          "x": 0.8,
          "r": 12
        },
        "3,3",
        "3,4",
        "3,5",
        "3,6",
        {
          "y": 3,
          "x": -1,
          "r": -12
        },
        "3,7",
        "3,8",
        "3,9",
        "3,10",
        "3,11",
        {
          "y": -2.35,
          "x": 1.1,
          "r": 0
        },
        "3,12",
        {
          "c": "#aaaaaa",
          "w": 1.75
        },
        "3,13"
      ],
      [
        {
          "y": -0.75,
          "x": 15.4,
          "c": "#777777"
        },
        "3,14"
      ],
      [
        {
          "x": -0.75,
          "y": -0.25,
          "c": "#aaaaaa",
          "w": 1.25
        },
        "4,0",
        {
          "w": 1.25
        },
        "4,1",
        {
          "y": -0.65,
          "x": 1.55,
          "r": 12,
          "w": 1.25
        },
        "4,2",
        {
          "c": "#cccccc",
          "w": 2.25
        },
        "4,3",
        {
          "c": "#aaaaaa",
          "w": 1
        },
        "4,6",
        {
          "y": 3,
          "x": -1.15,
          "r": -12
        },
        "4,7",
        {
          "c": "#cccccc",
          "w": 2.55
        },
        "4,8",
        {
          "c": "#aaaaaa",
          "w": 1
        },
        "4,9"
      ],
      [
        {
          "r": 0,
          "y": -3.1,
          "x": 14.4,
          "c": "#777777"
        },
        "4,12",
        "4,13",
        "4,14"
      ]
    ]
  }
}
