{
    "name": "Model M-us7",
    "vendorId": "0xEB88",
    "productId": "0x0025",
    "lighting": "qmk_rgblight",
    "matrix": {
        "rows": 6,
        "cols": 18
    },
    "layouts": { 
     "keymap":
  [
  [
    "0,0",
    {
      "x": 1
    },
    "0,1",
    "0,2",
    "0,3",
    "0,4",
    {
      "x": 0.5
    },
    "0,5",
    "0,6",
    "0,7",
    "0,8",
    {
      "x": 0.5
    },
    "0,9",
    "0,10",
    "0,11",
    "0,12",
    {
      "x": 0.25
    },
    "0,13",
    "0,14",
    "0,15\nBreak"
  ],
  [
    {
      "y": 0.5
    },
    "1,0\n`",
    "1,1\n1",
    "1,2\n2",
    "1,3\n3",
    "1,4\n4",
    "1,5\n5",
    "1,6\n6",
    "1,7\n7",
    "1,8\n8",
    "1,9\n9",
    "1,10\n0",
    "1,11\n-",
    "1,12\n=",
    {
      "w": 2
    },
    "1,14",
    {
      "x": 0.25
    },
    "1,15",
    "1,16",
    "1,17"
  ],
  [
    {
      "w": 1.5
    },
    "2,0",
    "2,1",
    "2,2",
    "2,3",
    "2,4",
    "2,5",
    "2,6",
    "2,7",
    "2,8",
    "2,9",
    "2,10",
    "2,11\n[",
    "2,12\n]",
    {
      "w": 1.5
    },
    "2,14\n\\",
    {
      "x": 0.25
    },
    "2,15",
    "2,16",
    "2,17"
  ],
  [
    {
      "w": 1.75
    },
    "3,0",
    "3,1",
    "3,2",
    "3,3",
    "3,4",
    "3,5",
    "3,6",
    "3,7",
    "3,8",
    "3,9",
    "3,10\n;",
    "3,11\n'",
    {
      "w": 2.25
    },
    "3,12",
    {
      "x": 0.25
    },
    "3,15\n←",
    "3,16",
    "3,17\n→"
  ],
  [
    {
      "w": 2.25
    },
    "4,0",
    "4,2",
    "4,3",
    "4,4",
    "4,5",
    "4,6",
    "4,7",
    "4,8",
    "4,9\n,",
    "4,10\n.",
    "4,11\n/",
    {
      "w": 2.75
    },
    "4,12",
    {
      "x": 0.25
    },
    "4,15\nEnd",
    "4,16",
    "4,17\nPgDn"
  ],
  [
    {
      "w": 1.5
    },
    "5,0",
    {
      "w": 1
    },
    "5,1",
    {
      "w": 1.5
    },
    "5,2",
    {
      "w": 7
    },
    "5,6",
    {
      "w": 1.5
    },
    "5,11",
    {
      "w": 1
    },
    "5,12",
    {
      "w": 1.5
    },
    "5,14",
    {
      "x": 0.25
    },
    "5,15",
    "5,16",
    "5,17"
  ]
]
    }
}
